Day,PP.in
183.915223326316,0.171952504023231
184.051195540755,0.196672598736306
184.055966495647,0.147279183377732
184.058351973093,0.122582475698445
184.199393327106,0.094822066593034
184.063122927986,0.073189060339871
184.065508405432,0.048492352660584
184.067297513517,0.029969821901119
184.727180212098,0.360405222280518
184.739703968691,0.230747506964261
185.052698488624,0.332675995886824
185.009561104804,0.301797315609785
185.01194658225,0.277100607930499
185.014332059696,0.252403900251211
185.064625875855,0.209192457490389
185.021488492035,0.178313777213351
185.023873969481,0.153617069534064
185.026259446928,0.128920361854777
185.028644924374,0.10422365417549
185.03103040182,0.079526946496203
185.033415879266,0.054830238816916
185.035503172032,0.03322061959754
185.323450178778,0.394464539152616
185.280312794958,0.363585858875578
185.606129256164,0.332769544021972
185.562693687663,0.304977952204845
185.426423288544,0.283344945951682
185.42880876599,0.258648238272395
185.431194243436,0.233951530593108
185.433579720882,0.209254822913821
185.435965198329,0.184558115234534
185.438350675775,0.159861407555247
185.579093845106,0.135188086909747
185.581479322553,0.11049137923046
185.583864799999,0.085794671551173
185.586250277445,0.061097963871887
185.588635754892,0.036401256192599
186.532092084901,0.295880396061623
186.534477562347,0.271183688382336
186.536863039794,0.246486980703049
186.53924851724,0.221790273023762
186.541633994686,0.197093565344475
186.544019472133,0.172396857665188
186.546404949579,0.147700149985901
186.548790427025,0.123003442306614
186.689533596357,0.098330121661114
186.691919073803,0.073633413981828
186.694006366568,0.052023794762451
186.557735967449,0.030390788509288
187.485090324696,0.456572705213499
187.487475802142,0.431875997534212
187.489861279588,0.407179289854925
187.492246757035,0.382482582175638
187.4943340498,0.360872962956262
187.635375403812,0.333112553850851
187.637760881259,0.308415846171564
187.640146358705,0.283719138492277
187.642531836151,0.25902243081299
187.644917313598,0.234325723133703
187.647302791044,0.209629015454416
187.64968826849,0.184932307775129
187.652073745937,0.160235600095842
187.654459223383,0.135538892416555
187.656844700829,0.110842184737268
187.659230178275,0.086145477057981
187.661615655722,0.061448769378695
187.664001133168,0.036752061699407
188.274086990058,0.882731234883923
188.276472467504,0.858034527204636
188.139307514342,0.845662786331205
188.326766283664,0.814823084443813
188.298239949202,0.632677069631142
188.42258296109,0.77779361428074
188.424968438536,0.753096906601453
188.427353915982,0.728400198922166
188.429739393429,0.703703491242879
188.432124870875,0.679006783563592
188.434510348321,0.654310075884305
188.439281303214,0.604916660525731
188.579726287864,0.583330428340143
188.582409949991,0.555546632200945
188.584497242757,0.533937012981569
188.448823212999,0.506129829808583
188.451208690445,0.481433122129296
188.453594167892,0.456736414450009
188.455979645338,0.432039706770722
188.596722814669,0.407366386125223
188.599108292116,0.382669678445936
188.601493769562,0.357972970766649
188.603879247008,0.333276263087362
188.606264724454,0.308579555408075
188.60835201722,0.286969936188699
188.472677987462,0.259162753015714
188.475063464908,0.234466045336426
188.477448942355,0.20976933765714
188.618192111686,0.18509601701164
188.620577589132,0.160399309332353
188.484605374693,0.135679214619278
188.625944913386,0.104831717053957
188.628330390833,0.08013500937467
188.630715868279,0.055438301695383
188.632803161044,0.033828682476007
188.683395161885,2.85239501612014
188.688166116777,2.80300160076156
188.645028732957,2.77212292048453
188.647414210403,2.74742621280524
188.649799687849,2.72272950512595
188.652185165296,2.69803279744667
188.654570642742,2.67333608976738
188.656956120188,2.64863938208809
188.659341597634,2.6239426744088
188.661727075081,2.59924596672952
188.664112552527,2.57454925905023
188.666498029973,2.54985255137094
188.66888350742,2.52515584369166
188.671268984866,2.50045913601237
188.673654462312,2.47576242833308
188.676039939759,2.4510657206538
188.678425417205,2.42636901297451
188.680810894651,2.40167230529522
188.683196372097,2.37697559761593
188.685581849544,2.35227888993665
188.68796732699,2.32758218225736
188.690352804436,2.30288547457807
188.692738281883,2.27818876689879
188.695123759329,2.2534920592195
188.697509236775,2.22879535154021
188.699894714221,2.20409864386093
188.750188530381,2.1608872011001
188.707647515922,2.12383434390324
188.710032993368,2.09913763622396
188.712418470815,2.07444092854467
188.869462402696,0.926051817135753
188.991519332031,2.04979099493296
188.993904809477,2.02509428725367
188.996290286924,2.00039757957438
188.99867576437,1.9757008718951
189.003446719262,1.92630745653652
189.005832196709,1.90161074885723
189.008217674155,1.87691404117795
189.010603151601,1.85221733349866
189.012988629048,1.82752062581937
189.015374106494,1.80282391814009
189.01775958394,1.7781272104608
189.020145061387,1.75343050278151
189.022530538833,1.72873379510223
189.024916016279,1.70403708742294
189.027301493725,1.67934037974365
189.029686971172,1.65464367206436
189.032072448618,1.62994696438508
189.034457926064,1.60525025670579
189.036843403511,1.5805535490265
189.039228880957,1.55585684134722
189.041614358403,1.53116013366793
189.04399983585,1.50646342598864
189.046385313296,1.48176671830936
189.048770790742,1.45707001063007
189.051156268188,1.43237330295078
189.053541745635,1.40767659527149
189.055927223081,1.38297988759221
189.058312700527,1.35828317991292
189.060698177974,1.33358647223363
189.06308365542,1.30888976455435
189.065469132866,1.28419305687506
188.929496918427,1.25947296216199
189.070240087759,1.23479964151649
189.072625565205,1.2101029338372
189.075011042651,1.18540622615791
189.077098335417,1.16379660693854
188.941424305659,1.13598942376555
188.943809783105,1.11129271608626
188.946195260551,1.08659600840698
189.086938429883,1.06192268776148
189.089920276691,1.03105180316237
189.092305754137,1.00635509548308
189.094691231583,0.981658387803794
189.09707670903,0.956961680124507
189.149756002635,0.889053529684397
189.106618618815,0.858174849407359
189.109004096261,0.833478141728072
189.111389573707,0.808781434048785
189.113775051154,0.784084726369498
189.1161605286,0.759388018690211
189.118546006046,0.734691311010924
189.120633298812,0.713081691791548
188.984362899692,0.691448685538385
188.986748377138,0.666751977859098
189.12749154647,0.642078657213598
188.991519332031,0.617358562500524
189.132858870724,0.586511064935202
189.13494616349,0.564901445715826
188.99867576437,0.543268439462663
189.001061241816,0.518571731783376
189.003446719262,0.493875024104089
189.144189888594,0.469201703458589
189.008217674155,0.444481608745515
189.010603151601,0.419784901066228
189.012988629048,0.395088193386941
189.153731798379,0.370414872741441
189.215356632408,0.209894068504005
189.172219248588,0.179015388226967
189.174604726034,0.15431868054768
189.238416247723,0.926114182559185
189.29447496771,0.345741552095941
189.296860445157,0.321044844416654
189.299245922603,0.296348136737367
189.301631400049,0.27165142905808
189.304016877496,0.246954721378793
189.315944264727,0.123471182982358
189.318329742173,0.098774475303071
189.32071521962,0.074077767623785
189.323100697066,0.049381059944497
189.324889805151,0.030858529185032
189.89322980673,1.30903008675707
189.895615284177,1.28433337907778
189.898000761623,1.2596366713985
189.900386239069,1.23493996371921
189.902771716516,1.21024325603992
189.905157193962,1.18554654836064
189.907542671408,1.16084984068135
189.909928148855,1.13615313300206
189.912313626301,1.11145642532277
189.914699103747,1.08675971764349
189.917680950555,1.05588883304438
189.920066428001,1.03119212536509
189.922451905448,1.0064954176858
189.924837382894,0.981798710006517
189.92722286034,0.95710200232723
189.929608337786,0.932405294647944
189.931993815233,0.907708586968656
189.934379292679,0.883011879289369
189.936764770125,0.858315171610082
189.939150247572,0.833618463930796
189.941535725018,0.808921756251508
189.943921202464,0.784225048572222
189.94630667991,0.759528340892934
189.948692157357,0.734831633213648
189.951077634803,0.710134925534361
189.953463112249,0.685438217855074
189.955848589696,0.660741510175787
189.958234067142,0.6360448024965
189.960619544588,0.611348094817213
189.963005022035,0.586651387137926
189.965390499481,0.561954679458639
189.967775976927,0.537257971779352
189.970161454373,0.512561264100065
189.97254693182,0.487864556420778
189.974932409266,0.463167848741491
189.977317886712,0.438471141062204
189.979703364159,0.413774433382917
189.982088841605,0.38907772570363
189.984474319051,0.364381018024343
190.125813857744,0.333533520459021
190.12819933519,0.308836812779734
190.130584812637,0.284140105100447
190.132970290083,0.25944339742116
190.135355767529,0.234746689741873
190.137741244976,0.210049982062586
190.140126722422,0.185353274383299
190.142512199868,0.160656566704012
190.144897677315,0.135959859024725
190.147283154761,0.111263151345438
190.149668632207,0.086566443666151
190.152054109653,0.061869735986864
190.1544395871,0.037173028307577
190.737291243144,1.6425837583081
190.694153859324,1.61170507803106
190.69653933677,1.58700837035177
190.698924814217,1.56231166267248
190.701310291663,1.5376149549932
190.703695769109,1.51291824731391
190.706081246555,1.48822153963462
190.708466724002,1.46352483195534
190.710852201448,1.43882812427605
190.713237678894,1.41413141659676
190.715623156341,1.38943470891748
190.718008633787,1.36473800123819
190.720394111233,1.3400412935589
190.722779588679,1.31534458587961
190.725165066126,1.29064787820033
190.727550543572,1.26595117052104
190.729936021018,1.24125446284175
190.732321498465,1.21655775516247
190.734706975911,1.19186104748318
190.737092453357,1.16716433980389
190.739477930804,1.14246763212461
190.74186340825,1.11777092444532
190.744248885696,1.09307421676603
190.746634363142,1.06837750908675
190.749019840589,1.04368080140746
190.751405318035,1.01898409372817
190.753790795481,0.994287386048884
190.756176272928,0.969590678369597
190.758561750374,0.94489397069031
190.76094722782,0.920197263011023
190.763332705266,0.895500555331736
190.765718182713,0.870803847652449
190.768103660159,0.846107139973162
190.770489137605,0.821410432293875
190.772874615052,0.796713724614588
190.775260092498,0.772017016935301
190.777645569944,0.747320309256014
190.780031047391,0.722623601576727
190.782416524837,0.69792689389744
190.784802002283,0.673230186218153
190.787187479729,0.648533478538866
190.789572957176,0.623836770859579
190.791958434622,0.599140063180292
190.794343912068,0.574443355501005
190.796729389515,0.549746647821718
190.799114866961,0.525049940142431
190.801500344407,0.500353232463144
190.803885821853,0.475656524783858
190.8062712993,0.45095981710457
190.808656776746,0.426263109425284
190.811042254192,0.401566401745996
190.813427731639,0.37686969406671
190.676262778477,0.364497953193279
190.954767270332,0.346022196501388
190.957152747778,0.3213254888221
190.959538225224,0.296628781142814
190.961923702671,0.271932073463526
190.964309180117,0.24723536578424
190.966694657563,0.222538658104952
190.969080135009,0.197841950425666
190.971465612456,0.173145242746378
190.973851089902,0.148448535067092
190.976236567348,0.123751827387804
191.117576106041,0.092904329822484
191.119663398807,0.071294710603107
190.983392999687,0.049661704349944
190.985182107772,0.031139173590479
191.578867807218,1.04690821207009
191.594969779981,0.880205435234905
191.616737261678,0.654847977661411
191.619122739125,0.630151269982124
191.719312791869,1.0253219798845
191.721698269315,1.00062527220522
191.724083746762,0.975928564525929
191.726469224208,0.951231856846642
191.728854701654,0.926535149167355
191.731240179101,0.901838441488068
191.736011133993,0.852445026129494
191.738396611439,0.827748318450207
191.740782088886,0.80305161077092
191.743167566332,0.778354903091633
191.745553043778,0.753658195412346
191.747938521225,0.728961487733059
191.750323998671,0.704264780053772
191.752709476117,0.679568072374485
191.759865908456,0.605477949336624
191.762251385902,0.580781241657337
191.764636863349,0.55608453397805
191.767022340795,0.531387826298763
191.769407818241,0.506691118619476
191.771793295688,0.481994410940189
191.774178773134,0.457297703260902
191.77656425058,0.432600995581615
191.778949728026,0.407904287902328
191.781335205473,0.383207580223041
191.922674744166,0.35236008265772
191.925060221612,0.327663374978433
191.927445699058,0.302966667299146
191.929532991824,0.28135704807977
191.793262592704,0.259724041826606
191.934303946716,0.231963632721196
191.798033547597,0.210330626468032
191.93937308629,0.179483128902711
191.941758563736,0.154786421223424
191.944144041182,0.130089713544137
191.946529518629,0.10539300586485
191.948914996075,0.080696298185563
191.951300473521,0.055999590506276
191.953387766287,0.0343899712869
192.41318854406,1.00382929583406
192.429886886184,0.830952342079054
192.491809904894,0.667344449381707
192.309122090465,0.648790735910525
192.451654367882,0.60559488450556
192.501351814679,0.568557618664559
192.463581755113,0.482111346109126
192.513279201911,0.445074080268124
192.470738187452,0.408021223071264
192.473123664898,0.383324515391978
192.554229898072,0.976068886728652
192.556615375519,0.951372179049365
192.559000852965,0.926675471370078
192.561386330411,0.901978763690791
192.563771807857,0.877282056011504
192.566157285304,0.852585348332217
192.570928240196,0.803191932973643
192.573313717643,0.778495225294356
192.575699195089,0.753798517615069
192.578084672535,0.729101809935782
192.580470149982,0.704405102256495
192.58762658232,0.630314979218634
192.597168492106,0.531528148501486
192.599553969552,0.506831440822199
192.752820895476,0.352500404860443
192.755206372923,0.327803697181156
192.757591850369,0.303106989501869
192.759977327815,0.278410281822582
192.762064620581,0.256800662603206
192.625794221461,0.235167656350042
192.628179698907,0.210470948670756
192.768922868239,0.185797628025256
192.771308345685,0.161100920345969
192.774290192493,0.13023003574686
192.776675669939,0.105533328067573
192.778762962705,0.083923708848197
192.642492563585,0.062290702595034
192.783235732917,0.037617381949534
193.511402723398,1.09354195744178
193.513788200844,1.06884524976249
193.516173678291,1.0441485420832
193.518559155737,1.01945183440392
193.520944633183,0.994755126724628
193.52333011063,0.970058419045341
193.525715588076,0.945361711366054
193.528101065522,0.920665003686767
193.530486542968,0.89596829600748
193.532872020415,0.871271588328193
193.535257497861,0.846574880648906
193.537642975307,0.821878172969619
193.540028452754,0.797181465290332
193.5424139302,0.772484757611045
193.544799407646,0.747788049931758
193.547184885092,0.723091342252471
193.549570362539,0.698394634573184
193.551955839985,0.673697926893897
193.554341317431,0.64900121921461
193.556726794878,0.624304511535323
193.559112272324,0.599607803856036
193.56149774977,0.574911096176749
193.563883227217,0.550214388497462
193.566268704663,0.525517680818175
193.568654182109,0.500820973138888
193.571039659555,0.476124265459601
193.573425137002,0.451427557780314
193.575810614448,0.426730850101027
193.578196091894,0.40203414242174
193.580581569341,0.377337434742453
193.443416616179,0.364965693869023
193.721921108034,0.346489937177132
193.72430658548,0.321793229497845
193.726692062926,0.297096521818558
193.729077540372,0.272399814139271
193.731463017819,0.247703106459984
193.733848495265,0.223006398780697
193.736233972711,0.19830969110141
193.738619450158,0.173612983422123
193.741004927604,0.148916275742836
193.74339040505,0.124219568063549
193.745775882497,0.099522860384262
193.748161359943,0.074826152704975
193.750546837389,0.050129445025688
193.752335945474,0.031606914266223
194.405360396397,0.433045349223572
194.407745873843,0.408348641544285
194.41013135129,0.383651933864998
194.412218644055,0.362042314645622
194.553259998067,0.334281905540212
194.555645475514,0.309585197860925
194.55803095296,0.284888490181638
194.560416430406,0.260191782502351
194.562801907852,0.235495074823064
194.565187385299,0.210798367143777
194.567572862745,0.18610165946449
194.569958340191,0.161404951785203
194.572343817638,0.136708244105916
194.574729295084,0.112011536426629
194.57711477253,0.087314828747342
194.718156126542,0.059554419641931
194.581885727423,0.037921413388768
195.508643715308,0.4702775070128
195.511029192755,0.445580799333514
195.513414670201,0.420884091654226
195.515800147647,0.39618738397494
195.518185625094,0.371490676295652
195.658928794425,0.346817355650153
195.661314271871,0.322120647970865
195.663699749317,0.297423940291579
195.666085226764,0.272727232612291
195.66847070421,0.248030524933005
195.670856181656,0.223333817253717
195.673241659103,0.198637109574431
195.675627136549,0.173940401895143
195.678012613995,0.149243694215857
195.680398091442,0.124546986536569
195.682783568888,0.099850278857283
195.685169046334,0.075153571177996
195.68755452378,0.050456863498709
195.689343631865,0.031934332739243
196.644727349106,0.167929934211832
196.508158765306,0.14938401641858
196.648901934637,0.12471069577308
196.651287412084,0.100013988093793
196.65367288953,0.075317280414506
196.656356551657,0.047533484275308
196.519489783176,0.032074654941967
197.463542482547,0.285379617891169
197.465927959993,0.260682910211882
197.468313437439,0.235986202532595
197.470698914886,0.211289494853308
197.473084392332,0.186592787174021
197.475469869778,0.161896079494734
197.477855347225,0.137199371815447
197.480240824671,0.11250266413616
197.482626302117,0.087805956456873
197.485011779564,0.063109248777586
197.48739725701,0.038412541098299
197.985962043285,0.606530365857048
197.988347520732,0.581833658177762
197.990732998178,0.557136950498474
197.993118475624,0.532440242819188
197.995503953071,0.5077435351399
197.997889430517,0.483046827460614
198.000274907963,0.458350119781326
198.002660385409,0.43365341210204
198.005045862856,0.408956704422752
198.007431340302,0.384259996743466
198.009518633068,0.36265037752409
198.288917678965,0.334913355452466
198.152945464526,0.310193260739392
198.155330941972,0.285496553060105
198.157716419419,0.260799845380818
198.160101896865,0.236103137701531
198.162487374311,0.211406430022244
198.164872851758,0.186709722342957
198.167258329204,0.16201301466367
198.16964380665,0.137316306984383
198.172029284096,0.112619599305096
198.174414761543,0.087922891625809
198.176800238989,0.063226183946522
198.179185716435,0.038529476267235
199.835899802887,0.075855182191612
199.838285280333,0.051158474512325
199.840074388418,0.03263594375286
200.663660476751,0.100692212073622
200.666045954198,0.075995504394336
200.668431431644,0.051298796715048
200.670220539729,0.032776265955583
201.6142732391,0.286081228904785
201.478301024661,0.261361134191711
201.480686502107,0.236664426512424
201.483071979554,0.211967718833137
201.485457457,0.18727101115385
201.487842934446,0.162574303474563
201.490228411892,0.137877595795276
201.492613889339,0.113180888115989
201.633058873989,0.0915946559304
201.638426198244,0.036027063652004
202.388360670422,0.866594181570752
202.390746147869,0.841897473891465
202.393131625315,0.817200766212178
202.395517102761,0.792504058532891
202.397604395527,0.770894439313515
202.447600027005,0.730770085012603
202.264912212577,0.712216371541422
202.452370981898,0.681376669654029
202.408935413397,0.653585077836902
202.272665014277,0.631952071583739
202.413109998928,0.61036583939815
202.415793661055,0.582582043258952
202.418179138501,0.557885335579665
202.420266431267,0.536275716360289
202.427721048286,0.459098504862517
202.291748833847,0.434378410149443
202.294134311294,0.409681702470156
202.436964773391,0.36339876260528
202.561307785279,0.508515307254878
202.563693262725,0.483818599575591
202.57323517251,0.385031768858443
202.578006127403,0.335638353499869
202.580391604849,0.310941645820582
202.582777082295,0.286244938141295
202.585162559742,0.261548230462008
202.587548037188,0.236851522782721
202.589933514634,0.212154815103434
202.592318992081,0.187458107424147
202.594704469527,0.16276139974486
202.597089946973,0.138064692065573
202.599475424419,0.113367984386286
202.601860901866,0.088671276706999
202.604246379312,0.063974569027713
202.606631856758,0.039277861348425
203.371177378296,0.718577644731541
203.373562855742,0.693880937052254
203.375948333188,0.669184229372967
203.378333810635,0.64448752169368
203.380719288081,0.619790814014393
203.383104765527,0.595094106335106
203.385490242974,0.570397398655819
203.38787572042,0.545700690976532
203.390261197866,0.521003983297245
203.392646675313,0.496307275617958
203.395032152759,0.471610567938671
203.397417630205,0.446913860259384
203.399803107651,0.422217152580097
203.402188585098,0.39752044490081
203.404574062544,0.372823737221523
203.545317231875,0.348150416576023
203.547702709322,0.323453708896736
203.550088186768,0.298757001217449
203.552473664214,0.274060293538162
203.554859141661,0.249363585858875
203.557244619107,0.224666878179588
203.559331911872,0.203057258960212
203.562611943361,0.169099285901193
203.426043359561,0.15055336810794
203.428428837007,0.125856660428653
203.430217945092,0.107334129669188
203.4331997919,0.076463245070079
203.435585269346,0.051766537390792
203.437374377431,0.033244006631327
204.534097633365,0.138392110538594
204.536483110811,0.113695402859308
204.538868588257,0.08899869518002
204.541254065703,0.064301987500734
204.54363954315,0.039605279821446
205.494252305498,0.224994296652609
205.358280091059,0.200274201939535
205.360665568506,0.175577494260248
205.363051045952,0.150880786580961
205.365436523398,0.126184078901674
205.367822000845,0.101487371222387
205.370207478291,0.0767906635431
205.372592955737,0.052093955863813
205.374382063822,0.033571425104348
206.46871984231,0.163416236690902
206.471105319756,0.138719529011615
206.473490797202,0.114022821332328
206.475876274648,0.089326113653041
206.478261752095,0.064629405973754
206.480647229541,0.039932698294467
208.278700854686,0.046410906653523
208.141535901524,0.034039165780092
210.809891214992,0.102407261218017
210.769437493298,0.043744784801781
210.905707892418,0.065377791054945
212.989124257076,2.84724207300902
212.993895211968,2.79784865765045
213.001648013669,2.71758435769277
213.070131095356,2.48606051887738
213.026993711536,2.45518183860034
213.029379188982,2.43048513092106
213.079673005141,2.38727368816023
213.036535621321,2.3563950078832
213.039517468129,2.32552412328409
213.041902945575,2.3008274156048
213.04399023834,2.27921779638542
213.093985869819,2.23909344208451
212.91129805539,2.22053972861333
213.258981393188,2.91829188165455
213.261366870634,2.89359517397526
213.125394656195,2.86887507926219
213.267926933611,2.82567922785722
213.13493656598,2.77008824854504
213.137322043427,2.74539154086575
213.280748874885,2.69293442408105
213.144478475765,2.67130141782789
213.146863953212,2.6466047101486
213.149249430658,2.62190800246932
213.290588969351,2.591060504904
213.154020385551,2.57251458711074
213.156405862997,2.54781787943146
213.29774540169,2.51697038186614
213.32816023913,2.20208735895523
213.330247531896,2.18047773973585
213.332931194023,2.15269394359665
213.335316671469,2.12799723591737
213.337702148915,2.10330052823808
213.339789441681,2.0816909090187
213.342473103808,2.0539071128795
213.344858581254,2.02921040520022
213.347244058701,2.00451369752093
213.349629536147,1.97981698984164
213.352015013593,1.95512028216236
213.354400491039,1.93042357448307
213.356785968486,1.90572686680378
213.359171445932,1.8810301591245
213.361556923378,1.85633345144521
213.363942400825,1.83163674376592
213.366327878271,1.80694003608663
213.368713355717,1.78224332840735
213.371098833164,1.75754662072806
213.37348431061,1.73284991304877
213.375869788056,1.70815320536949
213.378255265502,1.6834564976902
213.380640742949,1.65875979001091
213.383026220395,1.63406308233163
213.385411697841,1.60936637465234
213.387797175288,1.58466966697305
213.390182652734,1.55997295929376
213.39256813018,1.53527625161448
213.394953607626,1.51057954393519
213.397339085073,1.4858828362559
213.399724562519,1.46118612857662
213.402110039965,1.43648942089733
213.404495517412,1.41179271321804
213.406880994858,1.38709600553876
213.409266472304,1.36239929785947
213.411651949751,1.33770259018018
213.414037427197,1.31300588250089
213.416422904643,1.28830917482161
213.418808382089,1.26361246714232
213.421193859536,1.23891575946303
213.423579336982,1.21421905178375
213.425964814428,1.18952234410446
213.428350291875,1.16482563642517
213.430735769321,1.14012892874589
213.433121246767,1.1154322210666
213.435506724213,1.09073551338731
213.43789220166,1.06603880570802
213.440277679106,1.04134209802874
213.442663156552,1.01664539034945
213.445048633999,0.991948682670163
213.447434111445,0.967251974990877
213.449819588891,0.942555267311589
213.452205066338,0.917858559632303
213.454590543784,0.893161851953015
213.45697602123,0.868465144273729
213.459361498676,0.843768436594441
213.461746976123,0.819071728915155
213.464132453569,0.794375021235867
213.466517931015,0.769678313556581
213.468903408462,0.744981605877293
213.471288885908,0.720284898198007
213.473674363354,0.695588190518719
213.4760598408,0.670891482839433
213.478445318247,0.646194775160145
213.480830795693,0.621498067480859
213.483216273139,0.596801359801572
213.485601750586,0.572104652122285
213.487987228032,0.547407944442998
213.490372705478,0.522711236763711
213.492758182925,0.498014529084424
213.495143660371,0.473317821405137
213.497529137817,0.44862111372585
213.499914615263,0.423924406046563
213.50230009271,0.399227698367276
213.504685570156,0.374530990687989
213.507071047602,0.349834283008702
213.509456525049,0.325137575329415
213.511842002495,0.300440867650128
213.514227479941,0.275744159970841
213.516612957387,0.251047452291554
213.518998434834,0.226350744612267
213.52138391228,0.20165403693298
213.523769389726,0.176957329253693
213.526154867173,0.152260621574406
213.528540344619,0.127563913895119
213.530925822065,0.102867206215832
213.533311299512,0.078170498536545
213.535696776958,0.053473790857258
213.537485885043,0.034951260097793
213.409266472304,2.7948317302919
213.439084940383,2.48612288430081
213.441470417829,2.46142617662153
213.443855895276,2.43672946894224
213.446241372722,2.41203276126295
213.448626850168,2.38733605358367
213.450415958253,2.3688135228242
213.454590543784,2.32559428438545
213.45697602123,2.30089757670616
213.459361498676,2.27620086902687
213.461746976123,2.25150416134759
213.464132453569,2.2268074536683
214.897804398792,0.275978030308713
214.900189876238,0.251281322629426
214.902575353685,0.226584614950139
214.904960831131,0.201887907270852
214.907346308577,0.177191199591565
214.909731786024,0.152494491912278
214.91211726347,0.127797784232991
214.914502740916,0.103101076553704
214.916888218363,0.078404368874417
214.919273695809,0.05370766119513
214.921062803894,0.035185130435665
216.303446984021,0.047767354613181
216.166282030859,0.03539561373975
217.205753828082,0.733264701949905
217.208139305529,0.708567994270618
217.210524782975,0.683871286591331
217.212910260421,0.659174578912044
217.215295737868,0.634477871232757
217.217681215314,0.60978116355347
217.22006669276,0.585084455874183
217.222452170206,0.560387748194896
217.224837647653,0.535691040515609
217.227223125099,0.510994332836322
217.229608602545,0.486297625157035
217.231994079992,0.461600917477748
217.234379557438,0.436904209798461
217.236765034884,0.412207502119174
217.239150512331,0.387510794439887
217.380490051023,0.356663296874565
217.38287552847,0.331966589195278
217.385261005916,0.307269881515991
217.387646483362,0.282573173836704
217.390031960809,0.257876466157417
217.392417438255,0.23317975847813
217.394802915701,0.208483050798843
217.397188393148,0.183786343119556
217.399573870594,0.159089635440269
217.40195934804,0.134392927760982
217.404344825486,0.109696220081695
217.406730302933,0.084999512402408
217.409115780379,0.060302804723121
217.411203073144,0.038693185503745
218.170281875534,1.25206706812937
218.127144491714,1.22118838785233
218.12952996916,1.19649168017305
218.131915446606,1.17179497249376
218.134300924053,1.14709826481447
218.136686401499,1.12240155713519
218.139071878945,1.0977048494559
218.141457356391,1.07300814177661
218.143842833838,1.04831143409732
218.146228311284,1.02361472641804
218.14861378873,0.99891801873875
218.150999266177,0.974221311059463
218.153384743623,0.949524603380176
218.155770221069,0.924827895700889
218.158155698516,0.900131188021602
218.160541175962,0.875434480342315
218.162926653408,0.850737772663028
218.165312130854,0.826041064983741
218.167697608301,0.801344357304454
218.170083085747,0.776647649625167
218.172468563193,0.75195094194588
218.17485404064,0.727254234266593
218.177239518086,0.702557526587306
218.179624995532,0.677860818908019
218.182010472978,0.653164111228732
218.184395950425,0.628467403549445
218.186781427871,0.603770695870158
218.189166905317,0.579073988190871
218.191552382764,0.554377280511584
218.19393786021,0.529680572832297
218.196323337656,0.50498386515301
218.198708815103,0.480287157473723
218.201094292549,0.455590449794436
218.203479769995,0.430893742115149
218.205865247441,0.406197034435862
218.207952540207,0.384587415216486
218.071085771726,0.369128585883145
218.349590263581,0.350652829191254
218.351975741027,0.325956121511967
218.354361218473,0.30125941383268
218.35674669592,0.276562706153393
218.359132173366,0.251865998474106
218.361517650812,0.227169290794819
218.363903128258,0.202472583115532
218.366288605705,0.177775875436245
218.368674083151,0.153079167756958
218.371059560597,0.128382460077671
218.373445038044,0.103685752398384
218.37583051549,0.078989044719097
218.378215992936,0.05429233703981
218.380005101021,0.035769806280345
219.157074379151,2.01784430677964
219.159459856598,1.99314759910035
219.161845334044,1.96845089142106
219.16423081149,1.94375418374178
219.166616288937,1.91905747606249
219.169001766383,1.8943607683832
219.171387243829,1.86966406070391
219.173772721276,1.84496735302463
219.176158198722,1.82027064534534
219.178543676168,1.79557393766605
219.180929153614,1.77087722998677
219.183314631061,1.74618052230748
219.185700108507,1.72148381462819
219.188085585953,1.69678710694891
219.1904710634,1.67209039926962
219.192856540846,1.64739369159033
219.195242018292,1.62269698391104
219.197627495738,1.59800027623176
219.200012973185,1.57330356855247
219.202398450631,1.54860686087318
219.204783928077,1.5239101531939
219.207169405524,1.49921344551461
219.20955488297,1.47451673783532
219.211940360416,1.44982003015604
219.214325837863,1.42512332247675
219.216711315309,1.40042661479746
219.219096792755,1.37572990711817
219.221482270201,1.35103319943889
219.223867747648,1.3263364917596
219.226253225094,1.30163978408031
219.22863870254,1.27694307640103
219.231024179987,1.25224636872174
219.233409657433,1.22754966104245
219.235795134879,1.20285295336317
219.238180612325,1.17815624568388
219.240566089772,1.15345953800459
219.242951567218,1.1287628303253
219.245337044664,1.10406612264602
219.247722522111,1.07936941496673
219.250107999557,1.05467270728744
219.252493477003,1.02997599960816
219.25487895445,1.00527929192887
219.257264431896,0.980582584249583
219.259649909342,0.955885876570296
219.262035386788,0.931189168891009
219.264420864235,0.906492461211722
219.266806341681,0.881795753532435
219.269191819127,0.857099045853148
219.271577296574,0.832402338173861
219.27396277402,0.807705630494574
219.276348251466,0.783008922815287
219.278733728913,0.758312215136
219.281119206359,0.733615507456713
219.283504683805,0.708918799777426
219.285890161251,0.684222092098139
219.149917946813,0.659501997385064
219.152303424259,0.634805289705778
219.154688901705,0.61010858202649
219.157074379151,0.585411874347204
219.159459856598,0.560715166667916
219.161845334044,0.53601845898863
219.16423081149,0.511321751309342
219.166616288937,0.486625043630056
219.169001766383,0.461928335950768
219.171387243829,0.437231628271482
219.173772721276,0.412534920592194
219.176158198722,0.387838212912908
219.177947306807,0.369315682153442
219.325250539115,0.276726415389903
219.374947985913,0.239689149548902
219.331810602093,0.208810469271864
219.334196079539,0.184113761592577
219.197031126377,0.171742020719146
219.384489895698,0.140902318831754
219.341352511878,0.110023638554716
219.343737989324,0.08532693087543
219.34612346677,0.060630223196142
219.348210759536,0.039020603976766
219.456451798661,0.350839925461552
219.458837276108,0.326143217782264
219.461222753554,0.301446510102978
219.887825636866,0.65962672823193
219.705137822438,0.641073014760748
219.859597487085,0.474393624959348
219.861982964532,0.449696917280061
219.864070257297,0.428087298060685
219.983642314293,0.622597258068857
219.986027791739,0.59790055038957
219.988413269185,0.573203842710283
219.990798746631,0.548507135030996
219.993184224078,0.523810427351709
219.995569701524,0.499113719672422
220.005111611309,0.400326888955274
220.007497088756,0.375630181275987
220.148240258087,0.350956860630488
220.150625735533,0.326260152951201
220.014653521094,0.301540058238126
220.017038998541,0.276843350558839
220.019424475987,0.252146642879552
220.021809953433,0.227449935200265
220.02419543088,0.202753227520978
220.026580908326,0.178056519841691
220.028966385772,0.153359812162404
220.031351863219,0.128663104483117
220.033737340665,0.10396639680383
220.036122818111,0.079269689124544
220.038508295557,0.054572981445257
220.040297403642,0.036050450685791
221.265836441676,0.240008772343994
221.273291058696,0.162831560846222
221.275676536142,0.138134853166935
221.394652223776,0.338818990094929
221.397037701222,0.314122282415642
221.399423178669,0.289425574736355
221.401808656115,0.264728867057068
221.406579611007,0.215335451698494
221.408965088454,0.190638744019207
221.416121520793,0.116548620981346
221.418506998239,0.091851913302059
221.420892475685,0.067155205622772
221.423277953131,0.042458497943485
222.08584431384,0.345110102183686
222.088229791286,0.3204133945044
222.090317084052,0.298803775285024
221.954046684932,0.27717076903186
222.094789854263,0.25249744838636
221.958817639825,0.227777353673286
222.099858993837,0.200016944567876
221.963588594717,0.178383938314712
221.965974072164,0.153687230635426
221.96835954961,0.128990522956138
221.970745027056,0.104293815276852
221.973130504502,0.079597107597565
221.975515981949,0.054900399918278
221.977305090033,0.036377869158812
223.079992039583,0.079784203867862
223.082377517029,0.055087496188575
223.084166625114,0.03656496542911
223.744943877738,0.357739100428776
223.747329355184,0.33304239274949
223.74971483263,0.308345685070202
223.752100310077,0.283648977390916
223.754485787523,0.258952269711628
223.756871264969,0.234255562032342
223.759256742416,0.209558854353054
223.761642219862,0.184862146673768
223.764027697308,0.16016543899448
223.766413174755,0.135468731315194
223.768798652201,0.110772023635906
223.771184129647,0.08607531595662
223.773569607093,0.061378608277333
223.775656899859,0.039768989057957
224.600733911596,0.092389815079165
224.602821204362,0.070780195859789
224.605504866489,0.042996399720591
225.849531354731,0.055555236864319
225.851320462816,0.037032706104854
227.039884600432,0.623789996792005
227.041971893198,0.602180377572629
227.18301324721,0.574419968467218
227.185398724656,0.549723260787931
227.187784202103,0.525026553108644
227.190169679549,0.500329845429357
227.192555156995,0.47563313775007
227.194940634442,0.450936430070783
227.197326111888,0.426239722391496
227.199711589334,0.401543014712209
227.201500697419,0.383020483952744
227.343436605474,0.3459988094676
227.34582208292,0.321302101788314
227.347909375685,0.299692482568938
227.211638976566,0.278059476315774
227.214024454012,0.253362768636487
227.354469438663,0.231776536450898
227.218795408905,0.203969353277913
227.221180886351,0.179272645598626
227.223566363797,0.154575937919339
227.225951841244,0.129879230240052
227.22833731869,0.105182522560765
227.230722796136,0.080485814881478
227.233108273582,0.055789107202191
227.234897381667,0.037266576442726
227.986919146612,0.846224075142098
227.989304624058,0.821527367462811
227.991690101504,0.796830659783524
227.99407557895,0.772133952104237
227.996461056397,0.74743724442495
227.998846533843,0.722740536745663
228.001232011289,0.698043829066376
228.003617488736,0.673347121387089
228.006002966182,0.648650413707802
228.008388443628,0.623953706028515
228.010773921075,0.599256998349228
228.013159398521,0.574560290669941
228.015544875967,0.549863582990654
228.017930353413,0.525166875311367
228.02031583086,0.50047016763208
228.022701308306,0.475773459952793
228.025086785752,0.451076752273506
228.027472263199,0.426380044594219
228.029857740645,0.401683336914932
228.032243218091,0.376986629235645
228.172986387423,0.352313308590146
228.175371864869,0.327616600910858
228.177459157634,0.306006981691482
228.041785127876,0.278199798518497
228.044170605323,0.25350309083921
228.046556082769,0.228806383159923
228.048941560215,0.204109675480636
228.051327037661,0.179412967801349
228.053712515108,0.154716260122062
228.056097992554,0.130019552442775
228.05848347,0.105322844763488
228.060868947447,0.080626137084201
228.063254424893,0.055929429404914
228.065043532978,0.037406898645449
229.161766788912,0.142555002552717
229.164152266358,0.11785829487343
229.166537743804,0.093161587194143
229.168923221251,0.068464879514856
229.171308698697,0.043768171835569
229.989527462776,0.167392032434727
229.991912940222,0.14269532475544
229.994298417669,0.117998617076153
229.996683895115,0.093301909396866
229.999069372561,0.068605201717579
230.001454850007,0.043908494038292
230.829215523872,0.068745523920302
230.831601001318,0.044048816241015
234.934622208945,0.538684580840371
234.937007686391,0.513987873161084
234.939393163838,0.489291165481797
234.941778641284,0.46459445780251
234.94416411873,0.439897750123223
234.946549596177,0.415201042443936
234.948935073623,0.390504334764649
234.950724181708,0.371981804005184
235.109954801248,0.15590899884521
235.112638463375,0.128125202706012
235.229228673562,0.353506047313293
235.231614151009,0.328809339634005
235.233999628455,0.304112631954719
235.236385105901,0.279415924275431
235.238770583348,0.254719216596145
235.241156060794,0.230022508916857
235.24354153824,0.205325801237571
235.245927015687,0.180629093558284
235.253083448025,0.106538970520423
235.255468925472,0.081842262841136
235.257854402918,0.057145555161849
235.259643511003,0.038623024402384
235.770732053871,0.477083133844876
235.773117531318,0.45238642616559
235.775503008764,0.427689718486302
235.77788848621,0.402993010807016
235.780273963657,0.378296303127728
236.059374824873,0.353646369516016
236.061760302319,0.328949661836729
236.064145779766,0.304252954157442
236.066531257212,0.279556246478155
236.068916734658,0.254859538798868
236.071302212104,0.230162831119581
236.073687689551,0.205466123440294
236.076073166997,0.180769415761007
236.078458644443,0.15607270808172
236.08084412189,0.131376000402433
236.083229599336,0.106679292723146
236.085615076782,0.081982585043859
236.088000554229,0.057285877364572
236.089789662313,0.038763346605107
236.895484669799,0.292044922520521
236.897870147246,0.267348214841235
236.900255624692,0.242651507161947
236.902641102138,0.217954799482661
236.905026579585,0.193258091803374
236.907412057031,0.168561384124087
236.909797534477,0.1438646764448
236.912183011923,0.119167968765513
236.91456848937,0.094471261086226
236.916953966816,0.069774553406939
236.919339444262,0.045077845727652
238.02500824062,0.057613295837593
238.026797348705,0.039090765078128
239.910728161916,0.588919929415284
239.913113639362,0.564223221735997
239.915499116809,0.53952651405671
239.917884594255,0.514829806377423
239.920270071701,0.490133098698136
239.922655549147,0.465436391018849
239.925041026594,0.440739683339562
239.92742650404,0.416042975660275
239.929811981486,0.391346267980988
240.071151520179,0.360498770415667
240.088744416346,0.178360551280925
240.212491058872,0.329651272850345
240.214876536319,0.304954565171058
240.217262013765,0.280257857491771
240.219647491211,0.255561149812484
240.222032968657,0.230864442133197
240.224418446104,0.20616773445391
240.229189400996,0.156774319095336
240.231574878443,0.132077611416049
240.233960355889,0.107380903736762
240.236345833335,0.082684196057476
240.238731310781,0.057987488378188
240.240520418866,0.039464957618723
241.245005213543,0.144597470170132
241.201867829723,0.113718789893094
241.204253307169,0.089022082213807
241.206638784616,0.06432537453452
241.208726077381,0.042715755315144
243.248806268431,2.31828193848798
243.4215545935,2.91721607810034
243.423940070947,2.89251937042105
243.426325548393,2.86782266274176
243.289756964592,2.84927674494851
243.431096503285,2.81842924738319
243.433481980732,2.7937325397039
243.435867458178,2.76903583202462
243.438252935624,2.74433912434533
243.440638413071,2.71964241666604
243.443023890517,2.69494570898675
243.445409367963,2.67024900130747
243.44779484541,2.64555229362818
243.450180322856,2.62085558594889
243.452565800302,2.59615887826961
243.454951277748,2.57146217059032
243.457336755195,2.54676546291103
243.459722232641,2.52206875523175
243.462107710087,2.49737204755246
243.464493187534,2.47267533987317
243.46687866498,2.44797863219389
243.469264142426,2.4232819245146
243.471649619872,2.39858521683531
243.474035097319,2.37388850915602
243.476420574765,2.34919180147674
243.529099868371,2.28128365103663
243.48596248455,2.25040497075959
243.488347961997,2.2257082630803
243.490733439443,2.20101155540101
243.493118916889,2.17631484772173
243.495504394335,2.15161814004244
243.497889871782,2.12692143236315
243.500275349228,2.10222472468387
243.502660826674,2.07752801700458
243.505046304121,2.05283130932529
243.507431781567,2.02813460164601
243.509817259013,2.00343789396672
243.512202736459,1.97874118628743
243.514588213906,1.95404447860814
243.516973691352,1.92934777092886
243.519359168798,1.90465106324957
243.521744646245,1.87995435557028
243.524130123691,1.855257647891
243.526515601137,1.83056094021171
243.528901078584,1.80586423253242
243.53128655603,1.78116752485314
243.533672033476,1.75647081717385
243.536057510922,1.73177410949456
243.538442988369,1.70707740181527
243.540828465815,1.68238069413599
243.543213943261,1.6576839864567
243.545599420708,1.63298727877741
243.547984898154,1.60829057109813
243.5503703756,1.58359386341884
243.552755853046,1.55889715573955
243.555141330493,1.53420044806027
243.557526807939,1.50950374038098
243.559912285385,1.48480703270169
243.562297762832,1.46011032502241
243.564683240278,1.43541361734312
243.567068717724,1.41071690966383
243.569454195171,1.38602020198454
243.571839672617,1.36132349430526
243.574225150063,1.33662678662597
243.576610627509,1.31193007894668
243.578996104956,1.2872333712674
243.581381582402,1.26253666358811
243.583767059848,1.23783995590882
243.586152537295,1.21314324822954
243.588538014741,1.18844654055025
243.590923492187,1.16374983287096
243.593308969633,1.13905312519167
243.59569444708,1.11435641751239
243.598079924526,1.0896597098331
243.600465401972,1.06496300215381
243.602850879419,1.04026629447453
243.605236356865,1.01556958679524
243.607621834311,0.990872879115952
243.610007311758,0.966176171436665
243.612392789204,0.941479463757378
243.61477826665,0.916782756078091
243.617163744096,0.892086048398804
243.619549221543,0.867389340719517
243.621934698989,0.84269263304023
243.624320176435,0.817995925360943
243.626705653882,0.793299217681656
243.629091131328,0.768602510002369
243.631476608774,0.743905802323082
243.633862086221,0.719209094643796
243.636247563667,0.694512386964508
243.638633041113,0.669815679285222
243.641018518559,0.645118971605934
243.643403996006,0.620422263926648
243.645789473452,0.59572555624736
243.648174950898,0.571028848568074
243.650560428345,0.546332140888786
243.652945905791,0.5216354332095
243.655331383237,0.496938725530212
243.657716860683,0.472242017850926
243.66010233813,0.447545310171638
243.662487815576,0.422848602492352
243.664873293022,0.398151894813064
243.667258770469,0.373455187133778
243.691709914293,0.120313933421086
243.698568161951,0.049310898843136
243.617760113458,2.31834430391141
243.808598309162,0.342607689568456
243.810983786608,0.317910981889169
243.813369264054,0.293214274209882
243.8157547415,0.268517566530595
243.818140218947,0.243820858851308
243.820525696393,0.219124151172021
243.822911173839,0.194427443492734
243.825296651286,0.169730735813447
243.827682128732,0.14503402813416
243.832453083625,0.095640612775586
243.834838561071,0.070943905096299
245.678415047482,0.083604086053105
245.495727233054,0.065050372581923
245.636172217704,0.043464140396335
246.742139198743,0.052912502046365
246.604974245581,0.040540761172935
248.13307133972,0.45447566785058
248.089933955899,0.423596987573542
248.092319433345,0.398900279894255
247.955154480183,0.386528539020824
248.372613033285,0.361901992442899
248.236044449485,0.343356074649646
248.238429926931,0.31865936697036
248.240815404377,0.293962659291072
248.243200881824,0.269265951611786
248.24558635927,0.244569243932498
248.247971836716,0.219872536253212
248.250357314162,0.195175828573924
248.252742791609,0.170479120894638
248.255128269055,0.14578241321535
248.257513746501,0.121085705536064
248.259899223948,0.096388997856777
248.262284701394,0.07169229017749
248.26467017884,0.046995582498203
249.067383339518,0.331148043012726
249.069768816965,0.306451335333439
249.072154294411,0.281754627654152
249.074539771857,0.257057919974865
249.076925249304,0.232361212295578
249.07931072675,0.207664504616291
249.081696204196,0.182967796937004
249.084081681642,0.158271089257717
249.086467159089,0.13357438157843
249.088852636535,0.108877673899143
249.091238113981,0.084180966219857
249.093623591428,0.059484258540569
249.095412699512,0.040961727781104
249.922577004015,0.071972934582936
249.924962481461,0.047276226903649
250.93362186167,0.109189501016306
250.890484477849,0.078310820739268
250.892869955295,0.053614113059982
251.523232370479,0.689671270970557
251.525617847925,0.66497456329127
251.528003325371,0.640277855611983
251.530388802818,0.615581147932696
251.532774280264,0.590884440253409
251.53515975771,0.566187732574122
251.537545235157,0.541491024894835
251.539930712603,0.516794317215548
251.542316190049,0.492097609536261
251.544701667496,0.467400901856974
251.547087144942,0.442704194177687
251.549472622388,0.4180074864984
251.551858099834,0.393310778819113
251.693197638527,0.362463281253792
251.695583115974,0.337766573574505
251.69796859342,0.313069865895218
251.700354070866,0.288373158215931
251.702739548313,0.263676450536644
251.705125025759,0.238979742857357
251.707510503205,0.21428303517807
251.709895980651,0.189586327498783
251.712281458098,0.164889619819496
251.714666935544,0.140192912140209
251.71705241299,0.115496204460922
251.58048382919,0.096950286667669
251.582869306636,0.072253578988383
251.585254784082,0.047556871309095
252.548987672386,0.09711399590418
252.551373149832,0.072417288224893
252.553758627278,0.047720580545606
254.33571027966,0.220901565739849
254.338095757107,0.196204858060562
254.340481234553,0.171508150381275
254.342866711999,0.146811442701988
254.345252189446,0.122114735022701
254.347637666892,0.097418027343414
254.350023144338,0.072721319664127
254.352408621784,0.04802461198484
255.349140614761,0.233421424493931
255.306003230941,0.202542744216894
255.308388708387,0.177846036537606
255.171223755225,0.165474295664176
255.320614280299,0.051275409681261
255.44972824708,0.146998538972285
255.452113724526,0.122301831292998
255.454499201973,0.097605123613711
255.456884679419,0.072908415934424
256.977626551432,0.085514027145727
256.980012028878,0.06081731946644
256.981801136963,0.042294788706975
257.933010268673,0.221509628618316
257.935395746119,0.196812920939029
257.937781223565,0.172116213259742
257.940166701012,0.147419505580455
257.942552178458,0.122722797901168
257.944937655904,0.098026090221881
257.947323133351,0.073329382542594
257.949708610797,0.048632674863307
258.777469284661,0.073469704745317
258.779854762108,0.04877299706603
259.550363977261,0.666331011250928
259.552749454707,0.641634303571641
259.555134932153,0.616937595892354
259.5575204096,0.592240888213067
259.559905887046,0.56754418053378
259.562291364492,0.542847472854493
259.564676841939,0.518150765175206
259.567062319385,0.493454057495919
259.569447796831,0.468757349816632
259.571833274277,0.444060642137345
259.574218751724,0.419363934458058
259.57660422917,0.394667226778771
259.717943767863,0.36381972921345
259.720329245309,0.339123021534163
259.583164292147,0.326751280660732
259.726292938925,0.277381252335945
259.728976601052,0.249597456196747
259.59568804874,0.197093565344475
259.598073526187,0.172396857665188
259.603440850441,0.116829265386792
259.861668784002,0.308275523968841
259.869421585703,0.228011224011158
259.877174387403,0.147746924053476
260.70970601616,0.123190538576912
260.712091493606,0.098493830897625
260.716266079137,0.055274592458873
261.265522261147,0.098587379032773
261.267907738593,0.073890671353487
261.270293216039,0.049193963674199
262.073006376717,0.333346424188723
262.075391854164,0.308649716509436
262.07777733161,0.283953008830149
262.080162809056,0.259256301150862
262.082548286503,0.234559593471575
262.084933763949,0.209862885792288
262.087319241395,0.185166178113001
262.089704718842,0.160469470433714
262.092090196288,0.135772762754427
262.094475673734,0.11107605507514
262.09686115118,0.086379347395853
262.10043936735,0.049334285876923
262.918061762067,0.179132323395903
263.206704533069,0.055695559067043
264.854473079097,0.185633918788745
264.856858556543,0.160937211109458
264.85924403399,0.136240503430171
264.861629511436,0.111543795750884
264.864014988882,0.086847088071598
264.866400466329,0.062150380392311
264.868189574413,0.043627849632845
265.69296840147,0.099335764113964
265.695950248278,0.068464879514855
265.698335725724,0.043768171835569
266.590802475319,0.831139438349352
266.705603577422,1.0750428137161
266.707989054868,1.05034610603681
266.710374532314,1.02564939835752
266.712760009761,1.00095269067824
266.715145487207,0.97625598299895
266.717530964653,0.951559275319663
266.7199164421,0.926862567640376
266.722301919546,0.902165859961089
266.724687396992,0.877469152281802
266.727072874439,0.852772444602515
266.731843829331,0.803379029243941
266.734229306777,0.778682321564654
266.736614784224,0.753985613885367
266.73900026167,0.72928890620608
266.741385739116,0.704592198526793
266.743771216563,0.679895490847506
266.746156694009,0.655198783168219
266.748542171455,0.630502075488932
266.750927648902,0.605805367809645
266.753313126348,0.581108660130358
266.755698603794,0.556411952451071
266.75808408124,0.531715244771784
266.760469558687,0.507018537092497
266.762855036133,0.48232182941321
266.765240513579,0.457625121733923
266.767625991026,0.432928414054636
266.770011468472,0.408231706375349
266.772396945918,0.383534998696062
266.774782423364,0.358838291016775
266.777167900811,0.334141583337488
266.779553378257,0.309444875658201
266.781938855703,0.284748167978914
266.78432433315,0.260051460299627
266.786709810596,0.23535475262034
266.789095288042,0.210658044941053
266.791480765489,0.185961337261766
266.793866242935,0.161264629582479
266.796251720381,0.136567921903192
266.798637197827,0.111871214223905
266.801022675274,0.087174506544618
266.80340815272,0.062477798865331
266.805197260805,0.043955268105866
273.58293505509,2.92848862838577
273.585320532536,2.90379192070648
273.587706009982,2.8790952130272
273.590091487429,2.85439850534791
273.592476964875,2.82970179766862
273.594862442321,2.80500508998933
273.597247919767,2.78030838231005
273.599633397214,2.75561167463076
273.60201887466,2.73091496695147
273.604404352106,2.70621825927219
273.606789829553,2.6815215515929
273.609175306999,2.65682484391361
273.611560784445,2.63212813623433
273.613946261892,2.60743142855504
273.616331739338,2.58273472087575
273.618717216784,2.55803801319646
273.62110269423,2.53334130551718
273.623488171677,2.50864459783789
273.625873649123,2.4839478901586
273.628259126569,2.45925118247932
273.630644604016,2.43455447480003
273.633030081462,2.40985776712074
273.635415558908,2.38516105944146
273.637801036355,2.36046435176217
273.640186513801,2.33576764408288
273.642571991247,2.31107093640359
273.644957468693,2.28637422872431
273.64734294614,2.26167752104502
273.649728423586,2.23698081336573
273.652113901032,2.21228410568645
273.654499378479,2.18758739800716
273.656884855925,2.16289069032787
273.659270333371,2.13819398264859
273.661655810817,2.1134972749693
273.664041288264,2.08880056729001
273.66642676571,2.06410385961072
273.668812243156,2.03940715193144
273.671197720603,2.01471044425215
273.673285013368,1.99310082503277
273.675670490814,1.96840411735349
273.678055968261,1.9437074096742
273.687896062727,1.84183349049714
273.74713541931,1.70600939393899
273.751906374202,1.65661597858042
273.569218559774,1.63806226510924
273.716223607401,1.54856008680561
273.720994562294,1.49916667144703
273.728449179314,1.42198945994926
273.735307426972,1.35098642537131
273.743060228672,1.27072212541363
273.747234814203,1.22750288697488
273.754689431223,1.15032567547711
273.757074908669,1.12562896779782
273.759460386115,1.10093226011853
273.761845863562,1.07623555243925
273.764231341008,1.05153884475996
273.766318633774,1.02992922554058
273.769002295901,1.00214542940138
273.771387773347,0.977448721722098
273.773773250793,0.95275201404281
273.77645691292,0.924968217903613
273.828241652484,0.866321332843235
273.844939994608,0.693444379088226
273.801802610787,0.662565698811188
273.664637657625,0.650193957937757
273.823570092485,0.437208241237694
273.819097322273,1.91594700056879
273.821482799719,1.8912502928895
273.823868277166,1.86655358521022
273.828639232058,1.81716016985164
273.831024709504,1.79246346217236
273.833410186951,1.76776675449307
273.835795664397,1.74307004681378
273.847723051628,1.61958650841735
273.850108529075,1.59488980073806
273.852494006521,1.57019309305877
273.857264961414,1.5207996777002
273.862035916306,1.47140626234162
273.864421393752,1.44670955466234
273.869192348645,1.39731613930376
273.871577826091,1.37261943162448
273.876348780984,1.3232260162659
273.87873425843,1.29852930858662
273.883505213323,1.24913589322804
273.888276168215,1.19974247786947
273.890661645662,1.17504577019018
273.916901897571,0.903381985718023
273.92405832991,0.829291862680162
273.926443807356,0.804595155000875
273.928829284802,0.779898447321588
273.931214762249,0.755201739642301
273.933600239695,0.730505031963014
273.94314214948,0.631718201245866
273.945527626926,0.60702149356658
273.947913104373,0.582324785887292
273.950298581819,0.557628078208006
273.952684059265,0.532931370528718
273.955069536712,0.508234662849432
273.957455014158,0.483537955170144
273.959840491604,0.458841247490858
273.964611446497,0.409447832132284
273.966996923943,0.384751124452996
274.107740093275,0.360077803807497
274.110125570721,0.33538109612821
274.112511048167,0.310684388448923
274.114896525613,0.285987680769636
274.11728200306,0.261290973090349
274.119667480506,0.236594265411062
274.122052957952,0.211897557731775
274.124438435399,0.187200850052488
274.126823912845,0.162504142373201
274.129209390291,0.137807434693914
274.131594867737,0.113110727014627
274.133980345184,0.08841401933534
274.13636582263,0.063717311656053
274.138154930715,0.045194780896588
274.083885318812,2.0394773130328
274.089252643066,1.9839097207544
275.663071388259,1.44701358610157
275.665456865705,1.42231687842228
275.667842343151,1.397620170743
275.670227820598,1.37292346306371
275.672613298044,1.34822675538442
275.67499877549,1.32353004770514
275.677384252937,1.29883334002585
275.679769730383,1.27413663234656
275.682155207829,1.24943992466728
275.684540685275,1.22474321698799
275.686926162722,1.2000465093087
275.689311640168,1.17534980162941
275.691697117614,1.15065309395013
275.694082595061,1.12595638627084
275.696468072507,1.10125967859155
275.698853549953,1.07656297091227
275.701239027399,1.05186626323298
275.703624504846,1.02716955555369
275.706009982292,1.00247284787441
275.708395459738,0.977776140195118
275.710780937185,0.953079432515831
275.713166414631,0.928382724836544
275.715551892077,0.903686017157257
275.717937369523,0.87898930947797
275.72032284697,0.854292601798683
275.722708324416,0.829595894119396
275.725093801862,0.804899186440109
275.727479279309,0.780202478760822
275.729864756755,0.755505771081535
275.732250234201,0.730809063402248
275.734635711648,0.706112355722961
275.737021189094,0.681415648043674
275.73940666654,0.656718940364387
275.741792143986,0.6320222326851
275.743879436752,0.610412613465724
275.747159468241,0.576454640406705
275.749544945687,0.551757932727417
275.751632238452,0.530148313508041
275.615361839333,0.508515307254878
275.756105008664,0.483841986609378
275.620132794225,0.459121891896304
275.761174148238,0.431361482790893
275.624903749118,0.40972847653773
275.766243287811,0.378880978972409
275.776381566958,0.273919971335439
275.778767044404,0.249223263656152
275.78115252185,0.224526555976865
275.783537999297,0.199829848297578
275.785923476743,0.175133140618291
275.835620923541,0.138095874777289
275.79248353972,0.107217194500252
275.797552679294,0.054736690681767
275.907582826504,0.348033481407087
275.90996830395,0.3233367737278
275.912353781397,0.298640066048513
275.933823078413,0.07636969693493
276.820027949712,0.928569821106842
276.822413427158,0.903873113427555
276.824798904604,0.879176405748268
276.827184382051,0.854479698068981
276.829569859497,0.829782990389694
276.831657152262,0.808173371170318
276.834340814389,0.78038957503112
276.836726291836,0.755692867351833
276.839111769282,0.730996159672546
276.841199062048,0.70938654045317
276.70552503229,0.681579357280185
276.707910509736,0.656882649600898
276.710295987182,0.632185941921611
276.712681464628,0.607489234242324
276.715066942075,0.582792526563037
276.717452419521,0.55809581888375
276.719837896967,0.533399111204463
276.722223374414,0.508702403525176
276.72460885186,0.484005695845889
276.726994329306,0.459308988166602
276.729379806752,0.434612280487315
276.731765284199,0.409915572808028
276.734150761645,0.385218865128741
276.874893930976,0.360545544483241
276.877279408423,0.335848836803954
276.879664885869,0.311152129124667
276.882050363315,0.28645542144538
276.884435840762,0.261758713766093
276.886821318208,0.237062006086806
276.889206795654,0.212365298407519
276.891592273101,0.187668590728232
276.893977750547,0.162971883048945
276.896363227993,0.138275175369658
276.898748705439,0.113578467690371
276.901134182886,0.088881760011085
276.903519660332,0.064185052331797
276.905308768417,0.045662521572332
277.868445287358,0.101393823087238
277.870830764805,0.076697115407951
277.873216242251,0.052000407728664
278.690242267607,0.187972622167465
278.692627745053,0.163275914488179
278.695013222499,0.138579206808891
278.697398699946,0.113882499129605
278.699784177392,0.089185791450318
278.702169654838,0.064489083771031
278.703958762923,0.045966553011565
279.313647040238,1.37353932162011
279.270509656418,1.34266064134307
279.272895133864,1.31796393366378
279.275280611311,1.29326722598449
279.277666088757,1.26857051830521
279.280051566203,1.24387381062592
279.282437043649,1.21917710294663
279.284822521096,1.19448039526735
279.287207998542,1.16978368758806
279.289593475988,1.14508697990877
279.291978953435,1.12039027222949
279.294364430881,1.0956935645502
279.296749908327,1.07099685687091
279.299135385774,1.04630014919162
279.30152086322,1.02160344151234
279.303906340666,0.996906733833051
279.306291818112,0.972210026153764
279.308677295559,0.947513318474477
279.311062773005,0.92281661079519
279.313448250451,0.898119903115903
279.315833727898,0.873423195436616
279.318219205344,0.848726487757329
279.32060468279,0.824029780078042
279.322990160236,0.799333072398755
279.325375637683,0.774636364719468
279.327761115129,0.749939657040181
279.330146592575,0.725242949360894
279.332532070022,0.700546241681607
279.334917547468,0.67584953400232
279.337303024914,0.651152826323033
279.339688502361,0.626456118643746
279.342073979807,0.601759410964459
279.344459457253,0.577062703285172
279.346844934699,0.552365995605885
279.349230412146,0.527669287926598
279.351615889592,0.502972580247311
279.354001367038,0.478275872568024
279.356386844485,0.453579164888737
279.358772321931,0.42888245720945
279.361157799377,0.404185749530163
279.363543276824,0.379489041850876
279.375768848736,0.25291841499453
279.387696235967,0.129434876598095
279.504882815516,0.348641544285554
279.507268292963,0.323944836606267
279.509653770409,0.29924812892698
279.512039247855,0.274551421247693
279.516810202748,0.225158005889119
279.519195680194,0.200461298209832
279.521581157641,0.175764590530545
279.523966635087,0.151067882851258
279.528737589979,0.101674467492684
279.531123067426,0.076977759813397
279.533508544872,0.05228105213411
280.182656594945,0.493851637070302
280.375880268095,1.35828317991292
280.239609868975,1.33665017365976
280.241995346422,1.31195346598047
280.382738515753,1.28728014533497
280.385123993199,1.26258343765568
280.24915177876,1.23786334294261
280.251537256207,1.21316663526332
280.253922733653,1.18846992758404
280.256308211099,1.16377321990475
280.258693688546,1.13907651222546
280.261079165992,1.11437980454617
280.263464643438,1.08968309686689
280.265850120884,1.0649863891876
280.268235598331,1.04028968150831
280.270621075777,1.01559297382903
280.273006553223,0.990896266149739
280.27539203067,0.966199558470452
280.277777508116,0.941502850791165
280.280162985562,0.916806143111878
280.282548463009,0.892109435432591
280.284933940455,0.867412727753304
280.287319417901,0.842716020074017
280.289704895347,0.81801931239473
280.292090372794,0.793322604715443
280.29447585024,0.768625897036156
280.296861327686,0.743929189356869
280.299246805133,0.719232481677582
280.301632282579,0.694535773998295
280.304017760025,0.669839066319008
280.306403237471,0.645142358639721
280.308788714918,0.620445650960434
280.311174192364,0.595748943281147
280.31355966981,0.57105223560186
280.315945147257,0.546355527922573
280.318330624703,0.521658820243286
280.323101579596,0.472265404884712
280.325487057042,0.447568697205425
280.327872534488,0.422871989526138
280.330258011934,0.398175281846851
280.332643489381,0.373478574167565
280.473386658712,0.348805253522065
280.475772136158,0.324108545842778
280.478753982966,0.293237661243669
280.342185399166,0.274691743450417
280.344570876612,0.249995035771129
280.485015861263,0.228408803585541
280.349341831505,0.200601620412555
280.351727308951,0.175904912733269
280.354112786397,0.151208205053981
280.356498263844,0.126511497374695
280.35888374129,0.101814789695407
280.361269218736,0.077118082016121
280.363654696183,0.052421374336833
281.441890501908,0.348968962758575
281.444275979354,0.324272255079288
281.4466614568,0.299575547400001
281.449046934247,0.274878839720714
281.451432411693,0.250182132041427
281.453817889139,0.22548542436214
281.456203366586,0.200788716682853
281.458588844032,0.176092009003567
281.460974321478,0.151395301324279
281.463359798924,0.126698593644993
281.465745276371,0.102001885965705
281.468130753817,0.077305178286419
281.470516231263,0.052608470607131
282.15514825835,0.126815528813928
282.019176043911,0.102095434100854
282.021561521357,0.077398726421568
282.16260287537,0.049638317316156
282.798034430126,0.633214971408248
282.800419907573,0.608518263728961
282.802805385019,0.583821556049674
282.805190862465,0.559124848370387
282.807576339912,0.5344281406911
282.809961817358,0.509731433011813
282.812347294804,0.485034725332526
282.81473277225,0.460338017653239
282.817118249697,0.435641309973952
282.819503727143,0.410944602294665
282.821889204589,0.386247894615378
282.962632373921,0.361574573969878
282.965017851367,0.336877866290591
282.967403328813,0.312181158611304
282.96978880626,0.287484450932017
282.972174283706,0.26278774325273
282.974559761152,0.238091035573443
282.976945238598,0.213394327894156
282.979330716045,0.188697620214869
282.981716193491,0.164000912535582
282.984101670937,0.139304204856295
282.986487148384,0.114607497177008
282.98887262583,0.089910789497721
282.991258103276,0.065214081818434
282.993047211361,0.046691551058969
283.749839931198,0.806255634399767
283.752225408644,0.78155892672048
283.754610886091,0.756862219041193
283.756996363537,0.732165511361906
283.759381840983,0.707468803682619
283.761767318429,0.682772096003332
283.764152795876,0.658075388324045
283.766538273322,0.633378680644758
283.768923750768,0.608681972965471
283.771309228215,0.583985265286184
283.773694705661,0.559288557606897
283.776080183107,0.53459184992761
283.778465660554,0.509895142248323
283.780851138,0.485198434569036
283.783236615446,0.460501726889749
283.785622092892,0.435805019210462
283.788007570339,0.411108311531175
283.790393047785,0.386411603851888
283.931136217116,0.361738283206388
283.933521694563,0.337041575527101
283.935907172009,0.312344867847814
283.938292649455,0.287648160168527
283.940678126902,0.26295145248924
283.943063604348,0.238254744809953
283.945449081794,0.213558037130666
283.94783455924,0.188861329451379
283.950220036687,0.164164621772092
283.952605514133,0.139467914092805
283.954990991579,0.114771206413518
283.957376469026,0.090074498734232
283.959761946472,0.065377791054945
283.961551054557,0.046855260295479
284.927073050945,0.077889854131099
284.929458528391,0.053193146451811
286.479422499121,1.19569652102428
286.481807976567,1.17099981334499
286.484193454013,1.14630310566571
286.48657893146,1.12160639798642
286.488964408906,1.09690969030713
286.491349886352,1.07221298262785
286.354781302552,1.05366706483459
286.496120841245,1.02281956726927
286.359552257444,1.00427364947602
286.361937734891,0.979576941796733
286.364323212337,0.954880234117446
286.366708689783,0.930183526438159
286.36909416723,0.905486818758872
286.371479644676,0.880790111079585
286.373865122122,0.856093403400298
286.376250599569,0.831396695721011
286.378636077015,0.806699988041724
286.381021554461,0.782003280362437
286.383407031907,0.75730657268315
286.385792509354,0.732609865003863
286.3881779868,0.707913157324576
286.390563464246,0.683216449645289
286.392948941693,0.658519741966002
286.395334419139,0.633823034286715
286.397719896585,0.609126326607428
286.400105374031,0.584429618928141
286.402490851478,0.559732911248854
286.404876328924,0.535036203569567
286.406665437009,0.516513672810102
286.409647283817,0.485642788210993
286.412032761263,0.460946080531706
286.415610977432,0.423901019012775
286.417996454879,0.399204311333488
286.420381932325,0.374507603654202
286.561125101656,0.349834283008702
286.425152887218,0.325114188295628
286.427538364664,0.30041748061634
286.42992384211,0.275720772937054
286.432309319556,0.251024065257766
286.434694797003,0.22632735757848
286.437080274449,0.201630649899192
286.439465751895,0.176933942219906
286.441851229342,0.152237234540618
286.444236706788,0.127540526861332
286.446622184234,0.102843819182044
286.449007661681,0.078147111502758
286.451393139127,0.053450403823471
287.061180811336,0.902516665467897
287.067740874313,0.834600719349858
286.939819646256,0.72652923621919
286.947572447956,0.646264936261507
286.951150664126,0.609219874742577
286.954728880295,0.572174813223646
286.957114357741,0.547478105544359
286.959499835188,0.522781397865072
286.961885312634,0.498084690185785
286.96427079008,0.473387982506498
286.966656267527,0.448691274827211
286.969041744973,0.423994567147924
286.971427222419,0.399297859468637
286.973216330504,0.380775328709172
287.196854841094,0.930323848640882
287.201625795986,0.880930433282308
287.204011273433,0.856233725603021
287.208185858964,0.813014487164269
287.211167705772,0.78214360256516
287.213553183218,0.757446894885873
287.251720822359,0.362299572017281
287.254106299805,0.337602864337994
287.256491777251,0.312906156658707
287.258877254698,0.28820944897942
287.261262732144,0.263512741300133
287.26364820959,0.238816033620846
287.266033687036,0.214119325941559
287.268419164483,0.189422618262272
287.270804641929,0.164725910582985
287.273190119375,0.140029202903698
287.275575596822,0.115332495224411
287.277961074268,0.090635787545125
287.280346551714,0.065939079865837
287.282135659799,0.047416549106372
288.368124267225,0.263699837570431
288.370509744671,0.239003129891144
288.372895222117,0.214306422211857
288.375280699563,0.18960971453257
288.37766617701,0.164913006853283
288.380051654456,0.140216299173996
288.381840762541,0.121693768414531
288.384822609349,0.090822883815422
288.388400825518,0.053777822296492
290.111908280466,0.832028145633265
290.114293757912,0.807331437953978
290.116381050678,0.785721818734602
289.98070702092,0.757914635561617
289.983092498366,0.73321792788233
289.985477975812,0.708521220203043
289.987863453259,0.683824512523756
289.990248930705,0.659127804844469
289.992634408151,0.634431097165182
289.995019885598,0.609734389485896
289.997405363044,0.585037681806608
289.99979084049,0.560340974127322
290.002176317937,0.535644266448034
290.004561795383,0.510947558768748
290.006947272829,0.48625085108946
290.009332750275,0.461554143410174
290.011718227722,0.436857435730886
290.014103705168,0.4121607280516
290.016489182614,0.387464020372312
290.295590043831,0.3628140867606
290.297975521277,0.338117379081313
290.300360998723,0.313420671402026
290.30274647617,0.288723963722739
290.305131953616,0.264027256043452
290.307517431062,0.239330548364165
290.309902908509,0.214633840684878
290.312288385955,0.189937133005591
290.314673863401,0.165240425326304
290.317059340847,0.140543717647017
290.319444818294,0.11584700996773
290.324812142548,0.060279417689334
291.149590969604,0.115987332170453
291.151976447051,0.091290624491166
291.154361924497,0.066593916811879
291.156151032582,0.048071386052414
291.705407214591,0.091384172626315
291.707792692037,0.066687464947028
291.709581800122,0.048164934187563
292.531975149732,0.128569556347969
292.534360627178,0.103872848668682
292.536746104625,0.079176140989395
292.539131582071,0.054479433310108
293.466784123999,0.477574261554408
293.588741658441,0.647387513883293
293.591127135887,0.622690806204006
293.593512613333,0.597994098524719
293.59589809078,0.573297390845432
293.598283568226,0.548600683166145
293.600669045672,0.523903975486858
293.603054523119,0.499207267807571
293.607825478011,0.449813852448997
293.610210955457,0.42511714476971
293.612596432904,0.400420437090423
293.61498191035,0.375723729411136
293.617367387796,0.351027021731849
293.619752865243,0.326330314052562
293.622138342689,0.301633606373275
293.624523820135,0.276936898693988
293.626909297581,0.252240191014701
293.629294775028,0.227543483335414
293.631680252474,0.202846775656127
293.63406572992,0.17815006797684
293.636451207367,0.153453360297553
293.638836684813,0.128756652618266
293.641222162259,0.104059944938979
293.643607639706,0.079363237259692
293.645993117152,0.054666529580405
294.453477232723,0.289425574736355
294.455862710169,0.264728867057068
294.5966058795,0.240055546411568
294.598991356947,0.215358838732281
294.464211881231,0.178290390179563
294.468982836124,0.128896974820989
294.47136831357,0.104200267141702
294.473157421655,0.085677736382237
294.476735637824,0.048632674863307
295.303899942327,0.079643881665139
295.306881789135,0.04877299706603
295.901163857943,1.05836785862582
295.963086876653,0.894759965928475
295.780399062224,0.876206252457293
295.927702294533,0.783616985693754
295.929789587298,0.762007366474378
295.934858726872,0.709526862655893
295.937244204318,0.684830154976606
295.939629681764,0.660133447297319
295.942015159211,0.635436739618032
295.944102451976,0.613827120398656
295.946786114103,0.586043324259458
295.996483560901,0.549006058418457
295.9530479924,0.52121446660133
295.81677759328,0.499581460348166
295.819163070726,0.474884752668879
295.821548548173,0.450188044989592
295.823934025619,0.425491337310305
295.826319503065,0.400794629631018
295.82810861115,0.382272098871553
296.020735914938,1.25287781863399
296.023121392385,1.22818111095471
296.025506869831,1.20348440327542
296.027892347277,1.17878769559613
296.030277824723,1.15409098791685
296.03266330217,1.12939428023756
296.035048779616,1.10469757255827
296.037434257062,1.08000086487899
296.042205211955,1.03060744952041
296.044590689401,1.00591074184112
296.046976166848,0.981214034161837
296.049361644294,0.95651732648255
296.05174712174,0.931820618803263
296.058903554079,0.857730495765402
296.061289031525,0.833033788086115
296.063674508972,0.808337080406828
296.07083094131,0.734246957368967
296.106613103005,0.363796342179662
296.108998580451,0.339099634500375
296.111384057897,0.314402926821088
296.113769535344,0.289706219141801
296.11615501279,0.265009511462514
296.118540490236,0.240312803783227
296.120925967683,0.21561609610394
296.123311445129,0.190919388424653
296.125696922575,0.166222680745366
296.128082400021,0.141525973066079
296.130467877468,0.116829265386792
296.132853354914,0.092132557707505
296.13523883236,0.067435850028218
296.137027940445,0.048913319268753
296.939144731762,0.339239956703098
296.941530209208,0.314543249023811
296.943915686654,0.289846541344524
296.946301164101,0.265149833665237
296.948686641547,0.24045312598595
296.951072118993,0.215756418306663
296.95345759644,0.191059710627376
296.955843073886,0.166363002948089
296.958228551332,0.141666295268802
296.960614028778,0.116969587589515
296.962999506225,0.092272879910229
296.965384983671,0.067576172230941
296.967174091756,0.049053641471476
298.057933654074,0.215943514576961
298.06031913152,0.191246806897674
298.062704608967,0.166550099218387
298.065090086413,0.1418533915391
298.067475563859,0.117156683859813
298.069861041305,0.092459976180527
298.072246518752,0.067763268501239
298.074035626836,0.049240737741774
299.863740080919,0.142157422978334
299.865827373685,0.120547803758958
299.730153343927,0.092740620585973
299.733731560096,0.055695559067042
302.086110506823,0.053006050181514
304.021627269811,2.93363377581895
304.024012747257,2.90893706813967
304.026398224703,2.88424036046038
304.02878370215,2.85954365278109
304.031169179596,2.83484694510181
304.033554657042,2.81015023742252
304.035940134489,2.78545352974323
304.038325611935,2.76075682206395
304.040711089381,2.73606011438466
304.043096566828,2.71136340670537
304.045482044274,2.68666669902608
304.04786752172,2.6619699913468
304.050252999166,2.63727328366751
304.052638476613,2.61257657598822
304.055023954059,2.58787986830894
304.057409431505,2.56318316062965
304.059794908952,2.53848645295036
304.062180386398,2.51378974527108
304.064565863844,2.48909303759179
304.066951341291,2.4643963299125
304.069336818737,2.43969962223321
304.071722296183,2.41500291455393
304.074107773629,2.39030620687464
304.076493251076,2.36560949919535
304.078878728522,2.34091279151607
304.081264205968,2.31621608383678
304.083649683415,2.29151937615749
304.086035160861,2.26682266847821
304.088420638307,2.24212596079892
304.090806115753,2.21742925311963
304.0931915932,2.19273254544034
304.095577070646,2.16803583776106
304.097962548092,2.14333913008177
304.100348025539,2.11864242240248
304.102733502985,2.0939457147232
304.107802642558,2.04146521090471
304.119133660428,1.9241558494281
304.169129291907,1.88403149512719
303.986441477478,1.865477781656
304.135832002552,1.75127889567309
304.13881384936,1.72040801107398
304.143286619572,1.67410168417532
304.145373912338,1.65249206495594
304.195369543816,1.61236771065503
304.154915822123,1.55370523423879
304.159984961696,1.50122473042031
304.162370439142,1.47652802274102
304.164755916589,1.45183131506173
304.166843209354,1.43022169584236
304.169825056162,1.39935081124325
304.174297826374,1.35304448434459
304.17668330382,1.3283477766653
304.179068781266,1.30365106898601
304.181156074032,1.28204144976664
304.233537182957,1.21722038778644
304.190399799136,1.1863417075094
304.192785276583,1.16164499983011
304.195170754029,1.13694829215083
304.197556231475,1.11225158447154
304.199941708921,1.08755487679225
304.202327186368,1.06285816911296
304.204712663814,1.03816146143368
304.067547710652,1.02578972056025
304.255006479973,0.994950018672854
304.211869096153,0.964071338395817
304.214254573599,0.93937463071653
304.216640051045,0.914677923037243
304.219025528492,0.889981215357956
304.221411005938,0.865284507678669
304.223796483384,0.840587799999382
304.226181960831,0.815891092320095
304.228567438277,0.791194384640808
304.230952915723,0.766497676961521
304.23333839317,0.741800969282234
304.235723870616,0.717104261602947
304.238109348062,0.69240755392366
304.240494825508,0.667710846244373
304.290788641668,0.624499403483549
304.247651257847,0.593620723206512
304.250036735294,0.568924015527225
304.25242221274,0.544227307847938
304.254807690186,0.519530600168651
304.257193167632,0.494833892489364
304.259578645079,0.470137184810077
304.261964122525,0.44544047713079
304.264349599971,0.420743769451503
304.266735077418,0.396047061772216
304.129570124256,0.383675320898786
304.381834364201,2.06929578111148
304.386903503775,2.016815277293
304.389288981221,1.99211856961371
304.253018582102,1.97048556336055
304.255404059548,1.94578885568126
304.403005476537,1.85011250045781
304.267331446779,1.82230531728483
304.408074616111,1.79763199663933
304.272102401672,1.77291190192625
304.279258834011,1.69882177888839
304.291186221242,1.57533824049196
304.295957176135,1.52594482513338
304.310270040813,1.37776457905766
304.322197428044,1.25428104066123
304.408074616111,0.365199564206895
304.549414154804,0.334352066641573
304.55179963225,0.309655358962286
304.554185109696,0.284958651282999
304.556570587143,0.260261943603712
304.420002003342,0.241716025810459
304.422387480788,0.217019318131173
304.562832465439,0.195433085945584
304.427158435681,0.167625902772599
304.429543913127,0.142929195093311
304.431929390574,0.118232487414025
304.43431486802,0.093535779734738
304.436700345466,0.068839072055451
304.438489453551,0.050316541295985
304.522577533533,2.04462246046598
304.533908551403,1.92731309898937
304.536890398211,1.89644221439026
304.554185109696,1.71739108371543
306.928927907483,0.050737507904155
308.677184690936,0.572759489068326
308.540914291816,0.551126482815163
308.681359276467,0.529540250629574
308.545685246709,0.501733067456589
308.548070724155,0.477036359777302
308.688515708806,0.455450127591713
308.552841679048,0.427642944418728
308.555227156494,0.402946236739441
308.696566695187,0.372098739174119
308.698952172633,0.347402031494833
308.70133765008,0.322705323815545
308.703723127526,0.298008616136259
308.706108604972,0.273311908456971
308.708494082419,0.248615200777685
308.710879559865,0.223918493098397
308.713265037311,0.199221785419111
308.715650514757,0.174525077739824
308.718035992204,0.149828370060537
308.72042146965,0.12513166238125
308.722806947096,0.100434954701963
308.725192424543,0.075738247022676
308.727279717308,0.0541286278033
309.669245123914,0.329043209971878
309.67163060136,0.304346502292591
309.674016078806,0.279649794613304
309.676401556253,0.254953086934017
309.678787033699,0.23025637925473
309.681172511145,0.205559671575443
309.683557988592,0.180862963896156
309.685943466038,0.156166256216869
309.688328943484,0.131469548537582
309.69071442093,0.106772840858295
309.693099898377,0.082076133179008
309.695485375823,0.057379425499721
331.694656570234,0.058010875411975
334.460319484532,2.93877892325214
334.462704961978,2.91408221557285
334.465090439425,2.88938550789357
334.467475916871,2.86468880021428
334.469861394317,2.83999209253499
334.472246871764,2.8152953848557
334.47463234921,2.79059867717642
334.477017826656,2.76590196949713
334.479403304102,2.74120526181784
334.481788781549,2.71650855413856
334.484174258995,2.69181184645927
334.486559736441,2.66711513877998
334.488945213888,2.64241843110069
334.491330691334,2.61772172342141
334.49371616878,2.59302501574212
334.496101646227,2.56832830806283
334.545799093024,2.53129104222183
334.502661709204,2.50041236194479
334.50504718665,2.47571565426551
334.507432664096,2.45101894658622
334.509818141543,2.42632223890693
334.512203618989,2.40162553122765
334.514589096435,2.37692882354836
334.516974573882,2.35223211586907
334.519360051328,2.32753540818979
334.521745528774,2.3028387005105
334.52413100622,2.27814199283121
334.526516483667,2.25344528515192
334.528901961113,2.22874857747264
334.531287438559,2.20405186979335
334.533672916006,2.17935516211406
334.536058393452,2.15465845443478
334.538443870898,2.12996174675549
334.540829348345,2.1052650390762
334.403664395183,2.09289329820277
334.820526578923,2.07444092854467
334.822912056369,2.04974422086538
334.825297533815,2.02504751318609
334.827683011262,2.00035080550681
334.830068488708,1.97565409782752
334.832453966154,1.95095739014823
334.8348394436,1.92626068246895
334.837224921047,1.90156397478966
334.839610398493,1.87686726711037
334.841995875939,1.85217055943109
334.844381353386,1.8274738517518
334.846766830832,1.80277714407251
334.849152308278,1.77808043639322
334.851537785724,1.75338372871394
334.853923263171,1.72868702103465
334.856308740617,1.70399031335536
334.858694218063,1.67929360567608
334.86107969551,1.65459689799679
334.863465172956,1.6299001903175
334.865850650402,1.60520348263822
334.868236127849,1.58050677495893
334.870621605295,1.55581006727964
334.873007082741,1.53111335960035
334.875392560187,1.50641665192107
334.877778037634,1.48171994424178
334.88016351508,1.45702323656249
334.882548992526,1.43232652888321
334.884934469973,1.40762982120392
334.748962255534,1.38290972649085
334.890301794227,1.35206222892552
334.892687271673,1.32736552124624
334.895072749119,1.30266881356695
334.897458226566,1.27797210588766
334.899843704012,1.25327539820838
334.902229181458,1.22857869052909
334.765660597658,1.21003277273584
334.768046075104,1.18533606505655
334.909087429116,1.15757565595114
334.911771091243,1.12979185981194
334.91415656869,1.10509515213265
334.916542046136,1.08039844445337
334.779973462336,1.06185252666011
334.782358939782,1.03715581898083
334.784744417228,1.01245911130154
334.787129894675,0.987762403622254
334.927574879325,0.966176171436665
334.791900849567,0.93836898826368
334.93324038826,0.907521490698358
334.79667180446,0.888975572905106
334.799057281906,0.864278865225819
334.940396820599,0.833431367660497
334.803828236799,0.814885449867245
334.806213714245,0.790188742187958
334.808599191691,0.765492034508671
334.810984669137,0.740795326829384
334.813370146584,0.716098619150097
334.81575562403,0.69140191147081
334.818141101476,0.666705203791523
334.820526578923,0.642008496112236
334.822912056369,0.617311788432949
334.825297533815,0.592615080753662
334.827683011262,0.567918373074375
334.830068488708,0.543221665395088
334.832453966154,0.518524957715801
334.8348394436,0.493828250036514
334.837224921047,0.469131542357227
334.839610398493,0.44443483467794
334.841995875939,0.419738126998653
334.844381353386,0.395041419319366
334.985124522717,0.370368098673866
334.987510000163,0.345671390994579
334.98989547761,0.320974683315292
334.992280955056,0.296277975636005
334.994666432502,0.271581267956718
334.997051909948,0.246884560277431
334.999437387395,0.222187852598144
335.001822864841,0.197491144918857
335.004208342287,0.17279443723957
335.006593819734,0.148097729560283
335.00897929718,0.123401021880996
335.011364774626,0.09870431420171
335.013750252073,0.074007606522423
335.015539360157,0.055485075762957
336.942408767402,0.160773501872948
336.944794244848,0.136076794193661
336.947179722294,0.111380086514374
336.949565199741,0.086683378835087
336.951950677187,0.0619866711558
337.599607803856,0.518992698391545
337.601993281302,0.494295990712258
337.604378758749,0.469599283032971
337.606764236195,0.444902575353684
337.609149713641,0.420205867674397
337.611535191087,0.39550915999511
337.75287472978,0.364661662429789
337.755260207227,0.339964954750502
337.757645684673,0.315268247071215
337.621077100873,0.296722329277962
337.623462578319,0.272025621598675
337.625848055765,0.247328913919388
337.628233533212,0.222632206240101
337.630619010658,0.197935498560814
337.633004488104,0.173238790881527
337.63538996555,0.14854208320224
337.637775442997,0.123845375522953
337.640160920443,0.099148667843667
337.642546397889,0.074451960164379
337.644335505974,0.055929429404914
338.527856715146,0.935913349716024
338.391586316026,0.91428034346286
338.393971793472,0.889583635783573
338.534714962804,0.864910315138073
338.398742748365,0.840190220424999
338.401128225811,0.815493512745712
338.403513703257,0.790796805066425
338.405899180704,0.766100097387138
338.40828465815,0.741403389707851
338.410670135596,0.716706682028564
338.413055613043,0.692009974349277
338.415441090489,0.66731326666999
338.417826567935,0.642616558990703
338.420212045381,0.617919851311417
338.422597522828,0.593223143632129
338.424983000274,0.568526435952843
338.42736847772,0.543829728273555
338.429753955167,0.519133020594269
338.432139432613,0.494436312914981
338.434524910059,0.469739605235695
338.436910387505,0.445042897556407
338.439295864952,0.420346189877121
338.441681342398,0.395649482197833
338.582424511729,0.370976161552334
338.584809989176,0.346279453873047
338.587195466622,0.32158274619376
338.589580944068,0.296886038514473
338.591966421515,0.272189330835186
338.594351898961,0.247492623155899
338.596737376407,0.222795915476612
338.599122853854,0.198099207797325
338.6015083313,0.173402500118038
338.603893808746,0.148705792438751
338.606279286192,0.124009084759464
338.470307071754,0.09928899004639
338.4726925492,0.074592282367103
338.474481657285,0.056069751607637
339.300453223064,0.099429312249113
339.30283870051,0.074732604569826
339.304627808595,0.056210073810361
340.402543803252,0.149009823877984
340.404929280699,0.124313116198697
340.407314758145,0.099616408519411
340.409700235591,0.074919700840123
340.411489343676,0.056397170080658
341.298290584336,0.902423117332748
341.300676061782,0.877726409653461
341.303061539229,0.853029701974174
341.305447016675,0.828332994294887
341.307832494121,0.8036362866156
341.310217971568,0.778939578936313
341.312603449014,0.754242871257026
341.31498892646,0.729546163577739
341.317374403906,0.704849455898452
341.319759881353,0.680152748219165
341.322145358799,0.655456040539878
341.324530836245,0.630759332860591
341.326916313692,0.606062625181304
341.3298981605,0.575191740582195
341.193329576699,0.556645822788943
341.334072746031,0.531972502143443
341.336458223477,0.507275794464156
341.338843700923,0.482579086784869
341.202871486484,0.457858992071795
341.343614655816,0.433185671426295
341.346000133262,0.408488963747008
341.348087426027,0.386879344527632
341.357927520493,0.285005425350573
341.410010444737,0.223271451830285
341.227322630309,0.204717738359103
341.417166877076,0.149181328792424
341.374029493256,0.118302648515386
341.376414970702,0.093605940836099
341.378800448149,0.068909233156812
341.241635494987,0.056537492283381
341.48912878004,0.359118935422221
341.491514257486,0.334422227742935
341.493899734932,0.309725520063647
341.498670689825,0.260332104705073
341.505827122164,0.186241981667213
362.8248390597,0.066360046474007
